type,x_0,x_1,x_2,x_3,x_4,x_5,x_6,x_7,x_8,x_9,x_10,x_11,x_12,x_13,x_14,x_15,x_16,x_17,x_18,x_19,x_20,x_21,x_22,x_23,x_24,x_25,x_26,x_27,x_28,x_29,x_30,x_31,x_32,x_33,x_34,x_35,x_36,x_37,x_38,x_39,x_40,x_41,x_42,x_43,x_44,x_45,x_46,x_47,x_48,x_49,x_50,x_51,x_52,x_53,x_54,x_55,x_56,x_57,x_58,x_59,x_60,x_61,x_62,x_63,x_64,x_65,x_66,x_67,x_68,x_69,x_70,x_71,x_72,x_73,x_74,x_75,x_76,x_77,x_78,x_79,x_80,x_81,x_82,x_83,x_84,x_85,x_86,x_87,x_88,x_89,x_90,x_91,x_92,x_93,x_94,x_95,x_96,x_97,x_98,x_99,x_100,x_101,x_102,x_103,x_104,x_105,x_106,x_107,x_108,x_109,x_110,x_111,x_112,x_113,x_114,x_115,x_116,x_117,x_118,x_119,x_120,x_121,x_122,x_123,x_124,x_125,x_126,x_127
graph_0,0.006411635,0.00017365346,0.0023761827,0.00014266965,-0.005656689,0.0050494415,0.0018026143,2.2917382e-05,-0.0053361356,-0.0057331314,-0.00546804,-0.0025704114,0.004466995,0.00023034397,0.002849975,0.0033162131,0.0012675716,0.005511174,0.0022584544,-0.006624475,0.00054962677,-0.0014313449,-0.0028281638,-0.0062810946,0.00019806485,-0.0013040582,-0.0015940184,-0.0018254651,-0.007174366,-0.00704383,-0.006449119,-0.0031434568,0.0042707706,0.0067622624,0.003627206,-0.0032580234,-0.003460995,-0.0061378884,0.0010261949,0.0068400386,-0.003615462,-0.005953843,-0.0039253784,0.005291717,0.00027946007,-0.0009759449,0.0023087033,0.00068035425,-0.003015688,-0.0040880907,0.0038851048,0.0004413951,0.0009974232,-0.0030564396,-0.0028337403,0.0040422063,-0.0070400815,-0.004282106,0.004536961,-0.0017170808,0.003075482,-0.000488693,0.00022582922,-0.0048491415,0.0032558704,-0.00733731,0.005062105,-0.0061128517,0.0061407066,0.0063720527,-0.0071378327,0.0013737964,0.0036390768,-0.0005082692,-0.00739747,-0.0028902523,-0.0039422275,0.0027778554,0.0048686606,-0.00091772847,-0.0052162115,0.0061410517,0.0047161886,0.0024637356,0.005824799,-0.004038799,0.00495675,-0.003534427,-0.003497347,0.0018607351,0.0027827437,0.0025019583,0.006138674,-0.0075919786,-0.0069118417,0.0024427378,0.00489989,0.0016408961,-0.0050433683,0.0009437932,0.006793313,0.004675317,0.0033062508,0.0042020166,0.00326376,0.00409253,-0.00035482,0.00023239819,0.005772908,-0.00085130177,-0.003096952,0.0074989796,-0.006561726,0.00077195844,0.00092998316,0.00074787094,0.0074692946,-0.0013032808,-0.0045112073,0.00096447626,0.005478758,0.0062376144,-0.0011495347,-0.001393905,0.0037062475,0.0034593744,0.0046897596,0.0010693915
graph_1,0.0073302477,-0.0039694426,0.0023293302,0.0042109545,-0.006125843,0.0030106192,0.0013352275,0.007697378,0.005631397,0.0041188193,0.0005004996,-0.0018417474,0.0065061436,-0.005054088,0.00084830774,-0.0027121515,0.005668009,0.0007423645,-0.005882649,-0.0058325753,0.0003234358,-0.004722583,0.0021578898,-0.00040161717,0.0061966465,-0.005164764,0.0044149416,-0.0066075562,-0.007489696,-0.005453063,-0.007805329,-0.0021843652,-0.006802572,0.0061567496,-0.0070721544,0.0037864768,-0.0017933649,0.005723533,0.0058227433,-0.005675271,0.006558251,-0.007443142,-0.0042308657,0.004298343,-0.0031548853,-0.002407014,0.0064973133,0.005458112,0.0024309554,0.0041364343,-0.0075576804,0.0044966894,0.0015959544,0.0023112525,-0.001127144,0.0017964253,0.002986049,0.0035790964,-0.007461508,0.0060941046,-0.0075731706,0.0015998812,0.00490676,-0.0031226212,0.0054148016,-0.0013926232,0.0071207653,-0.0018419329,-0.0077940347,-0.0011551523,-0.0049192226,-0.00202105,0.0011394646,-0.006728514,-0.00025717705,-0.005184925,-0.0034948871,-0.0024445842,0.0004998306,-0.0014381318,-0.0044005224,0.001028625,0.0010896202,0.0023025165,-0.0020592657,0.0061026784,-0.0051008505,-0.0011860166,0.0061156377,-0.0007836408,0.0068256096,-0.005044599,0.005634419,-0.006461258,0.0016133551,0.001684377,0.0048593157,0.0068350947,0.0034547776,-0.0001611352,0.0026533944,0.005539691,0.0053299027,-0.005362789,0.0002865518,0.0058666016,0.0013066444,-0.0027124332,-0.005445547,0.00048376562,-0.00696935,-0.0076615005,-0.002089581,0.0015739272,0.0051936153,-0.002864825,0.0051345523,0.004138743,0.00077172444,0.005886409,-0.0062817386,-0.0029115314,0.006083432,0.00017168553,0.0069469605,-0.00434392,0.0009871792,0.0051151793
graph_10,0.0074197953,0.000418102,0.0053673843,-0.004694678,0.0034114835,-0.002814198,-0.002829951,-0.0077848206,-0.0035511383,-0.0023904843,-0.0026528146,-0.007572807,-0.0025810646,-0.006333758,-0.00020628818,0.0034099407,-0.002510583,0.0076486617,0.0008514592,0.0013954429,-0.004510417,0.00049448106,0.0015020422,0.0064372723,0.0033107733,-0.004033819,0.0018716934,-0.0025595194,-0.005577678,-0.0013794107,-0.0002684337,0.0034387247,0.005193292,-0.0012624498,0.0004154718,-0.0061888164,0.005654715,0.007348565,0.0017822635,-0.005437179,-0.00526805,0.0066823964,-0.0048838602,0.00292436,0.0016980498,-0.0054936646,-0.002524478,0.005699188,-0.006479688,-0.003523965,0.004963546,-0.0061189723,0.0008366272,0.0006125349,-0.002324839,-0.000214145,0.003267075,-9.066516e-05,0.002162696,-0.0031828757,-0.00044463194,-0.0014597984,0.00323902,0.0069320337,-0.004489319,-0.0023451399,0.003590021,0.0036197177,0.004609338,-0.0057301833,0.0061952984,-0.0065115625,-0.0066065555,-0.002740479,-0.0021626428,0.002869246,-0.00020758163,0.0034211439,-0.0030731992,-0.0065703364,-0.0041437983,0.007677788,0.0015712003,0.007169659,0.0019523758,-0.0071335356,-0.0018997476,0.0072721336,-0.0020763616,0.0051817675,3.2992913e-05,-0.0063083014,-0.0040176506,-0.0024324027,-0.0005289327,-0.0069984375,-0.0033118108,-0.004654858,-0.007484147,-0.002735309,-0.0023821588,0.0036994708,-0.007075939,-0.0030501648,-0.0076468373,0.003887452,-0.0014999858,-0.002809041,-0.0030822353,0.00055381964,0.004468035,-0.0029920011,0.0017346425,-0.0014166061,-0.0075637954,0.0059933653,0.005567297,0.0013824807,0.005048957,-0.004019016,0.006962997,0.002720252,-0.003879672,-0.00649727,8.206744e-05,-0.002709634,0.005458452,-0.006133587
graph_11,0.0076978286,0.0020392837,0.0007868238,0.0028670416,-0.00033153233,0.0042668544,-0.005129437,0.0016272544,-0.0027056693,-0.0010246239,0.001302288,-0.00783418,0.007512089,0.0065631876,-0.004758,-0.0002671677,-0.00064303074,0.005057648,-0.0014441272,0.003321925,-0.0021322756,-0.0051392806,0.005359436,0.0044616493,-0.005098421,0.0050026225,0.00039231166,0.0068572373,-0.0020475045,0.00042371184,0.0022984548,0.00022725784,-0.0005788418,-0.0013330723,-0.003362576,0.0018837285,0.005425164,0.006606891,0.0004182042,-0.0047944454,0.0074345707,-0.005396809,-0.0041801664,-0.0051151654,0.0037889099,0.0056311917,0.00052845,-0.005805474,-0.0012407217,-0.0031576627,0.0043218024,-0.0020995024,0.0058431756,0.005860119,-0.0003078472,0.0012136172,0.0036967332,-0.0013631023,-0.007909705,-0.0033286174,-0.005919613,0.0011417476,0.005430814,0.006278141,0.007456092,-0.007844602,-0.0010901574,0.00050715945,0.00044497664,-0.006080963,0.0006384818,0.0049210377,0.001368112,0.0009386184,0.0015633098,-0.0078001185,0.0058829132,-0.0070026685,0.0058019576,-0.004638519,0.0033515159,-0.004333554,-0.002387584,-0.0050339736,-0.005353905,0.0031537989,0.0060785534,-0.0018380906,0.0029920612,-0.0061107753,0.0026281753,-0.0010868937,-0.0034285146,-0.0017538638,0.0076104784,0.0063726744,0.002915826,0.0021293343,0.0053350306,-0.00068642764,0.003555724,0.0055050883,-0.004370703,0.0048438,-0.0012208527,-0.0070140334,-0.0064609507,-0.006100635,0.00075626775,-0.0010961104,0.00333261,-0.0023315272,0.0043082917,-0.006657623,-0.0027233232,-0.002048832,-0.0021774245,0.006624481,-0.001225303,0.0053100665,-0.002986913,-0.0036946558,0.005108895,-0.0034377743,0.004108607,-0.0044255434,3.059883e-05,0.0004005546
graph_12,-0.00042856977,-0.0069922036,-0.0044925553,0.0034761776,-0.0058360165,-0.0066111833,0.00641345,-0.0038354262,-0.005480024,0.0075882226,-0.00015730405,-0.0023972404,-0.0043508997,0.007105347,-0.0026809166,0.0032304463,0.0012930147,0.0039041094,0.0015631346,-0.0064801285,0.0060916482,0.0028305121,-0.0010538643,0.0030485382,0.00664459,0.0034365596,0.0030622475,-0.0047474517,-0.0053479453,0.0032409464,0.0052318336,0.003255435,-0.0062601604,-0.0014820204,0.005467693,0.0041323514,-0.00045710395,0.0019227511,0.0011682067,0.0049577095,-0.0023180956,0.0015263242,-0.0069065024,-0.00168803,0.002780967,-0.00574014,-0.0045827506,-0.0018164674,-0.00090552546,0.001301752,-0.004419589,0.0009934775,-0.004877607,-0.0025781074,0.00050131505,-0.005828383,0.0029222395,-0.0057376646,0.0045062974,-0.007304589,-0.0047997204,-0.0016726684,0.0057850583,0.006407859,0.0038541008,-0.003469281,-0.0036023636,-0.00319275,0.0014578031,-0.002268557,0.00074865774,0.0005473169,0.0016947032,0.0019713938,-0.0055186083,0.0058966028,-0.006648771,0.0035044842,-0.0012656276,0.0073816837,0.00018246102,0.00022299791,-0.003078303,0.00040983543,0.005691279,-0.0030172132,0.007592788,0.0011772511,-0.002637431,-0.0071440465,-0.005581884,0.0060240556,-0.004664002,-0.0038791557,0.0022118317,0.0037838067,0.0042139245,0.003010321,-0.0069008037,0.0062728478,0.00248144,0.0024342826,-0.006185078,-0.00095784245,0.00019756066,-0.0067808134,0.0007065387,-0.00066321925,-0.0032406466,0.0069502187,0.0038278864,0.004129225,0.0029057714,-0.0020882813,0.0026331367,0.0033535806,0.0074611013,0.0032580616,-0.0056070704,0.007781188,0.0053344644,-0.003098727,0.004152464,-0.0029650845,0.005957077,0.006753207,-0.0044496823,0.004929416
graph_13,0.0057562166,-0.0024921524,0.0016602288,0.0051515335,0.00055708236,-0.0037441724,-0.00015220049,0.0010082056,-0.0049248505,0.0049212934,-0.006779347,0.0075966567,0.00712597,0.0067761894,-0.005364291,-0.0073900116,0.00764957,-0.001533473,-0.0041020443,0.0019529972,-0.001133557,-0.0063456264,0.0047377325,-0.0018164038,-0.007888497,0.001576613,0.0061655543,0.0051302714,0.007363814,-0.005700117,0.0013686388,0.00394901,-0.006502189,0.0073325085,0.0010777141,0.0024725236,-0.000979137,0.0062472713,-0.0006657739,-0.0030046548,-0.0037022922,-0.007211366,-0.004082249,-0.0049958467,0.00046001223,0.007202309,0.0033368282,0.0039931694,-0.007571257,0.0006446517,0.00489437,0.00012478606,0.0019410349,0.0020384975,-0.0063836672,-0.002838829,-0.0024144552,-0.0010939288,-0.006505496,0.00094879227,-0.0015821278,0.0003219005,-0.0049536726,-0.004330378,-0.0017345464,-0.00599858,-0.0059523066,0.003099775,0.007819026,0.0060901023,0.0074668853,-0.006654214,-0.0029835578,-0.00067756453,0.0064346585,0.0031285041,0.005094996,0.0037170222,-0.003848302,-0.004333068,-0.0027321891,0.0062464005,-0.007327489,0.0037896985,0.0050810687,-0.005432931,0.0037363146,-0.0029362284,0.0010910016,-0.0011447034,0.0039646695,0.0064816205,-0.00489482,0.0065617873,0.0027167837,-0.0014890253,0.0026987675,0.002692189,-0.0037334703,-0.004251034,0.0069752,-0.0020570424,-0.0021328132,-0.0069213496,-0.00083539047,-0.0013171462,-0.0045009577,-0.0067271157,9.066183e-05,0.004980685,0.0054586986,0.0036414212,-0.0060336497,0.0015926467,0.0051652472,0.0022364478,0.00637032,0.006872445,0.0039293547,0.0015412982,0.0035133432,-0.0005327433,-0.007544165,-0.004888804,-0.005224034,0.0032818527,-0.0032113767,0.006666258
graph_14,0.0053437,-0.0047181807,-0.0011204993,0.0025901527,-0.003493954,0.0067295223,0.0037729226,0.0036667327,0.0034804964,-0.0065567396,-0.005407059,-0.0003273582,-0.0031001724,-0.0055102324,-0.0066955714,-0.0043919864,-0.0063972156,-0.00031352905,0.005365127,-0.004714432,0.003319906,0.005500876,0.0069219465,0.0051242667,0.0019023982,-0.0034214891,-0.0014307234,-0.00010004773,-0.002266938,-0.006467498,0.0009773686,-0.005891392,0.0025318612,0.0025018568,0.004484311,-0.005430884,-0.00020647472,-0.00014830317,0.0034815886,0.004378096,0.002707604,-0.0066992864,-0.00058776815,-0.00719632,-0.005262553,0.0069591366,0.004619387,-0.004376902,0.0074324347,-0.0020016434,-0.0063148374,0.002836221,0.0022244805,0.0008854016,0.0053733266,-0.0010027266,0.0026183904,0.0038231332,-0.005293721,-0.0017281877,-0.005204816,-0.0037427908,0.0051217005,-0.0011542107,0.0007382328,-0.0072236843,-0.0014407152,0.0053580706,0.0038362877,0.0009932164,0.0048370515,0.0048312214,-0.0077830753,0.006383805,-0.006951279,-0.0060905856,-0.0010365532,0.0010058137,-0.0041299737,5.189867e-05,0.0010578065,-0.0027148523,-0.0013162558,-0.0052332557,-0.0038213448,-0.0039433595,-0.0033423954,0.0035431483,-0.00745328,-0.005016109,-0.0026392892,-0.0072116274,-0.005076653,0.0062782294,-0.003996367,-0.0039151143,-0.003093472,0.004636317,0.0065067406,-0.0028753628,0.005139041,0.005503074,-0.00752739,0.0065180003,0.0065089245,0.00040688977,0.0028563784,-0.0036609531,0.0073825554,-0.007605351,0.0068844566,-0.002905435,0.003587789,-0.0047049564,0.007263043,0.006506408,-0.0057599056,-0.0033305543,0.0025681197,-0.0008259963,-0.0022976452,0.004088405,0.0035536957,-0.005141751,0.0019392882,0.006203988,0.0065657753,0.0028119234
graph_15,-0.0017019351,0.0072251763,0.001825957,0.0027191313,0.0014817903,-0.006887182,-0.006800105,-0.007116508,-0.0015498433,-0.001965067,0.006879537,-0.0072582853,-0.000104213424,0.0008959952,0.0031366567,0.004569283,-0.0009860423,0.0030522733,0.005815418,-0.007203425,-0.005029059,0.006339801,-0.0073141004,0.0035582848,7.6361626e-05,0.0037077782,0.0063901744,-0.0070535215,0.0025868514,0.00456414,0.0046687718,0.004124374,-0.00558774,0.0026024752,0.0057995515,-0.00564875,-0.00530006,0.0013947454,0.00055421377,-0.003080071,-0.0012855694,-0.0070519214,0.004768884,0.0069333045,-0.002891847,0.0027035007,0.0065143877,0.004913163,0.0042714207,-0.0058940225,0.0058965003,0.0054242224,0.0051327697,-0.007510618,0.007416231,-0.0025744713,0.005683188,-0.0016687702,-0.0018574016,-0.0062251803,-0.006119811,-0.00015870664,0.0010967354,-0.0013031408,-0.002475142,-0.0068541863,-0.007422617,0.001844908,-0.0056048813,-0.0032432617,-0.0006684687,0.0011362436,0.006229978,0.0035864634,-0.0062252833,-0.0015924026,0.0046941973,0.003204653,-0.0031486384,0.0074710236,0.0023336294,0.0022354266,0.004518445,0.0011076943,0.004482887,0.00578236,0.0055822195,-0.0018076054,0.006025297,0.0072552715,0.002759244,-0.0027544207,-0.0030546268,-0.0040182727,-0.0022551694,0.0075769057,-0.005252421,-0.0052351127,-0.005832665,0.0026325386,0.0013080006,-0.0020504685,0.0022906286,-0.007451707,0.0036578376,-0.0022449004,-0.0031512203,0.007445762,0.0032345823,-0.0031121436,0.0021321585,-0.005504448,-0.001154508,-0.0065552,-0.0020929822,0.004048172,0.0055662096,0.0031055373,-0.0068461187,0.0017191203,-0.0041379714,0.0042180107,0.003856291,0.0024183616,-0.002742915,3.1691852e-05,-0.00481215,0.006492875
graph_16,0.0022351204,-0.006085186,0.0030516584,0.0011724833,-0.00044878153,0.004823935,-0.0034144323,-0.0012650086,0.00079633016,0.0023127308,-0.0069598556,-0.00401974,0.006258231,0.00077422074,0.0027555125,-0.007357263,-0.0014946323,0.0017745813,0.002050662,0.0069714007,0.00021826496,-0.0036723088,-0.0025624735,0.007668222,0.005787652,-0.006901559,-0.0027532754,0.0042801057,0.00074321707,0.006829653,-0.00456629,-0.0023435245,0.0065203523,0.0043693352,0.00694493,-0.0024590825,0.0017470747,-0.00530319,-0.0046649496,-0.0046262573,-0.0065044877,-0.0018352456,0.0027356884,-0.0013778483,0.0023336173,0.004063864,0.005889569,0.0019840028,0.0061507854,-0.003148639,-0.003748837,-0.00083819876,0.0047073876,0.0037438788,-0.0065187677,-0.0023814351,-0.006297397,0.006803441,-0.0016749946,-9.0252164e-05,0.0066075097,0.0014316923,-0.005789217,0.0053373696,0.0037007048,0.0061321063,-0.0031268864,0.0035093836,0.0038645153,-0.0031720148,0.001707981,0.004194289,-0.0062514613,-0.0071809036,0.0065706596,-0.0034157725,0.0075768135,-0.0020511805,0.0075067626,-0.0047377483,0.002597393,0.0035072113,-0.006891411,0.004037334,-0.005197623,-0.0030106069,0.0036879913,0.0074613984,-0.0022064666,-0.0024746282,0.00020247513,-0.0004359429,-0.007742815,-0.0062105907,0.004557571,0.0056333626,-0.0035536645,0.0026638596,-0.0010074561,0.0026847506,-0.0047720578,0.0023168174,-0.0039688386,-0.0052179396,0.006655809,-0.006143984,-0.0023360078,0.0033443994,-0.0064669945,-0.003728304,0.000700032,-0.004566255,0.006956538,0.0070541417,0.0059428085,0.0022946561,-0.0038683563,-0.00029177318,-0.0015690823,0.0048626256,-0.005386411,-0.0068343775,-0.0075756977,-0.0062881373,-0.005038454,-0.0017222831,-0.001864255,0.0049854717
graph_17,-0.0028731942,0.00043224962,0.0035486645,-0.0054269875,-0.006924644,0.00032835832,0.004131615,0.0012174925,0.00027681107,0.003892881,-0.0015625448,-0.0028620078,0.0057770773,0.005662482,0.0038000266,-0.006281045,0.0021403038,4.4348948e-05,0.0076784887,-0.0024821782,-0.0060255667,0.004822563,0.006061445,0.0051333243,-0.0050534643,0.0018608635,-0.005797642,-0.0016474137,-0.00331314,-0.004938395,0.006796696,-0.0017711963,0.0012889252,0.0030395119,0.0068168463,0.005083716,0.0026010335,0.0016309163,-0.0017360777,-0.004880156,0.002616013,-0.007313627,-0.0065389117,0.0029779335,0.0009801115,-9.881526e-05,-0.004593089,-0.004028298,0.0073591904,-0.0016201263,-0.0027358045,0.0034454078,0.0036119372,0.0021465,-0.0052163103,-0.0074273357,-0.00043017336,0.0019126456,0.004448267,0.007458858,-0.0027451492,0.0061701643,0.0066748126,-0.0013136439,0.0072243554,0.006122736,-0.00703308,0.004272003,0.006180283,-0.0026433335,0.00015338615,0.0033261026,-0.004485277,0.0016190306,-0.0021111653,0.0038148165,-0.005760213,0.0045827944,0.0005251647,0.0047812997,0.0007193393,-0.0065449225,0.00499544,0.0046312725,0.00035581432,-0.0075845025,-0.0044172737,0.00070089975,-0.0064383023,-0.0063476465,-0.00022667233,0.004913857,-0.0044555147,-0.0037539906,-0.0001539035,-0.004619192,0.0013508537,0.0047608875,-0.0067883143,-0.0013776912,-0.0054882714,-0.0011529219,0.0064158123,-0.004694575,-0.005827466,0.0054086554,-0.0075008855,-0.0070615783,0.0061013186,0.0067052823,-0.0068807243,-0.00018659217,0.00517983,-0.0020211097,0.00030597538,-0.0033670345,0.006017046,0.0033031492,-0.0037793843,0.00053397095,0.0038641526,0.0038443129,0.0017102872,-0.0046629636,-0.005040599,0.005909034,-0.003870472,0.0064164423
graph_18,-0.0035769502,0.00095292367,0.0052926857,-0.0037667817,0.0029428666,-0.006170215,0.0042089354,0.00086754,-0.00011489261,0.0001753578,0.0053336965,-0.005368308,0.0017967215,0.0033418871,-0.0061246837,-0.004110094,0.001508492,-0.001218508,0.006705107,-0.0051532714,0.0054276,-0.0019890228,0.0011178907,0.0075585954,-0.006365911,0.0065325825,-0.0066752937,0.004796221,0.0036622426,-0.0034536868,0.0039808564,0.006039533,0.0064990427,0.0048141135,0.003901801,-0.0075505245,0.0035894327,0.0062946854,0.003164906,0.00067540165,0.0074800598,-0.0040951744,0.00495081,-0.007323457,0.00262433,-0.0034975428,-0.003099395,0.0020715585,-0.0048097596,0.0012992686,0.0015430385,0.0035776356,0.0069038495,-0.006732153,0.0033620829,0.0017865002,-0.004760201,0.0018825391,-0.0059197713,-0.0073747924,0.0075548254,-0.0024019564,-0.001274948,0.0067348965,0.001411628,-0.0045526875,0.0043401867,0.0062777055,-0.003093102,-0.0068236673,-0.0061374027,0.0064791823,0.00747352,0.0017020181,-0.0013907328,-0.0076183304,0.0011772783,0.006170517,-0.00038012583,0.001553379,-0.0068779113,-0.0039637387,0.0055944324,0.00413516,0.0014830157,-0.0073171416,-0.0020491434,0.005652339,0.0025632605,0.005065512,-0.006402879,-0.0066068387,0.0017737346,0.00672491,0.0048593394,0.0017400291,0.0051851524,0.0027233232,0.0012218822,0.0057145497,0.0019450327,-0.0020620022,-0.0072985627,0.0033719717,-0.0077325637,0.0041342974,-0.0060312934,-0.004300707,-0.0049923686,0.0030352408,-0.006500691,-0.0044518663,0.00091614295,0.0018871939,0.0005417494,-0.0028829603,-8.146465e-05,0.00599813,-0.005891486,0.0049548876,0.004610995,0.0028735474,-0.004367671,-0.0024316702,0.0032864418,-0.005900016,0.0066223424,0.00065059867
graph_19,-0.0018501619,-0.0028432633,0.0001676613,-0.00089266564,0.004361447,-0.0038477157,0.0014996018,0.0015732422,0.0032122857,-0.007505552,0.0066687823,-0.007168277,-0.005683226,0.003960028,0.002605544,0.001268336,-0.00264026,0.0060545737,0.0040044133,3.0098805e-05,-0.00030548946,-0.006636144,0.0014441557,-0.0031390197,0.0073401914,0.0040271115,0.005218629,-0.001305298,0.004300094,-0.0059715854,-0.0004283158,0.0077927397,-0.0045340797,-0.0014564206,-0.005986449,0.00064266287,-0.004105331,-0.0017069263,-0.0020053645,-0.0043060384,-6.0388942e-05,0.0051687974,0.006651702,-0.005451802,0.0059222104,0.0037779657,-0.0061823246,0.0071314448,-0.0070270416,-0.00044403403,0.0046653273,-0.0015030301,0.0016336543,-0.0070271017,-0.0010668136,-0.0047900532,0.0043953466,0.0026688422,-0.0008861523,0.005936008,-0.0077626114,-0.0072825453,-0.0072523337,-0.005960839,0.0045869756,0.0016371068,-0.0030758502,0.0047137463,0.0015538543,-0.004744822,-0.001647402,0.0051965634,0.006952089,0.006697073,0.002455695,0.0055498686,-0.0016763934,0.0068154405,0.0047890143,-0.0064023947,-0.0019168223,0.005379882,-0.00488168,-0.0048384843,0.0033456609,0.00050751347,-0.007111502,0.007821322,0.0013511255,-0.00038454396,0.0026313209,-0.00063681445,-0.0044891476,-0.0040368154,-0.0062761083,0.0022429486,-0.0047442536,0.0077087656,0.0065822015,-0.00481557,-0.0072059752,-0.00041854102,0.00671564,0.0073133837,0.001966145,-0.0057629407,-0.0010262665,-0.004622216,0.0014339327,-0.0038492647,0.0024606348,0.0039142603,-0.003585341,-0.003242393,0.003922622,0.0056043887,-0.0011393785,-0.003879787,-0.0041821958,0.006763115,0.00096039474,-0.004346111,-0.0020346132,-0.00093643914,0.0068774396,-0.002286314,-0.006222647,-0.006657812
graph_2,-0.001560907,0.00502581,0.0025389213,-0.0069054845,0.0038786652,-0.0020041417,-0.00705828,-0.0029780255,-0.004332891,0.0062596644,0.0022418853,-0.0022516388,-0.0016554676,-0.005653946,-0.0037755463,0.0057666977,-0.0076089264,0.006715889,0.0045274706,-0.0074920077,0.001774008,-0.0076589407,0.0028731567,-0.006014926,0.0063682143,-0.0009186282,0.0060958234,0.0049451683,0.0073537016,-0.0036760692,-0.0017400242,-0.0011766686,-0.003633586,-0.00028112915,-0.0015688624,0.00067406625,0.005408934,0.0070913807,-0.0034317467,0.007185272,0.0062522613,-0.006428489,-0.00022200678,-0.0066347183,0.0045845313,0.0027628306,-0.00362675,0.005623528,-0.006004369,0.0059978813,-0.004685046,0.002378655,0.007241962,0.007293577,-0.0016052298,0.00026755856,-0.007648343,0.0021688638,-0.0025725188,-0.0077804606,-0.0038057514,0.004275544,-0.002731683,-0.005276331,-0.002562978,-0.0015360502,-0.004802359,-0.006209609,-0.001089756,0.0011438272,0.00010553442,0.005236762,-0.004643547,0.0063241962,0.0058794646,0.0009992099,-0.0078069996,-0.002882165,-0.005420002,0.0064280927,0.00647616,-0.0016858345,0.004241208,-0.003991937,-0.0025885385,0.0034512607,0.002274351,0.0004709377,0.00077686243,0.0074745356,0.006396792,-0.0022732029,-0.0045653633,0.0017019263,0.0026533145,-0.0026997477,0.0078246975,0.007152817,0.0046971827,-0.00027365002,-0.0072442563,0.00041844224,-0.0070184693,-0.0030193445,-0.0006696522,-0.0066845734,0.006526871,-0.0038373999,-0.0058202697,0.0049532885,0.006844487,-4.750731e-05,0.0060904035,0.0014002671,-0.004420581,-0.0022455836,-0.00052766356,0.0009972776,-0.0070226477,-0.0046557644,-0.0006490351,0.007484353,-0.000969185,0.0042501246,0.002606303,-0.0020587468,-0.004927814,-0.00702864
graph_20,0.003748543,0.005047683,-0.0075347945,0.0046771266,-0.0028881936,-0.0063504023,-0.0034649854,0.005974502,0.006686518,0.0056843916,-0.0023674828,-0.0021191677,0.0019371021,0.004710219,0.005978008,-0.0022285436,0.0013564735,0.0030124814,0.0016805233,0.004803111,0.0047966857,-0.0019920664,-0.006736618,0.007806204,-0.0048603322,-0.0029783172,0.0066237645,0.0009272648,0.0067730024,-0.0032675066,0.007816549,0.0046470184,-0.0025583,-0.003277429,0.0032482245,-0.0017576577,-0.004340578,0.004641649,-0.005922801,-0.00043287792,-0.0024745704,0.00019863671,0.007553217,-0.0010987748,0.0051286793,-0.0041924273,-0.006382728,0.0014972256,-7.622378e-05,-0.0040875645,0.004485256,0.0029199354,0.007109591,0.0027804566,-0.0073206034,0.0030772956,0.0040891995,0.001656246,-0.0073502394,0.0045542554,-0.00680026,-0.006414259,0.00072993507,0.0041342466,-0.005792284,0.004528515,-0.0022190458,0.0013818336,0.00028131707,-0.0049050227,0.0011845545,-0.0012983987,-0.0032321627,-0.00021854781,-0.0071173958,0.0020132884,0.0021483493,0.0061935703,0.0035989543,0.002533161,-0.0061708954,0.006840807,-0.003389732,-0.0073545803,-0.005548282,-0.004268755,0.001564911,0.004791476,-0.0031789516,-0.0038041887,0.004471077,0.0005525539,0.0042404416,0.000109352026,-0.007433318,0.005488636,0.002245289,-0.00027168688,0.00021434862,-0.0060441354,-0.0021905636,-0.0073472764,-0.0063756434,-0.0051321187,-0.0067327837,0.0041651283,0.004965766,0.0046617384,-3.376986e-05,0.0062500625,-0.0024794945,-0.0033406164,-0.004011492,0.0033335218,0.0076860827,0.005835567,0.0049135205,0.0039962414,0.0024208007,-0.0074669803,0.004730441,0.0046209088,-0.0037469002,0.0060716155,-0.0013713569,0.005028675,0.0076169395,-0.0033501384
graph_21,-0.0008966876,-0.007094045,-7.7695586e-05,0.006766393,0.0023179697,0.0022152793,-0.00066482276,0.005545684,-0.0020789336,0.0032712808,0.0028147567,-0.0031680427,-0.0022129528,0.005403136,0.0067976397,-0.006802925,-0.0026519336,0.0065208077,-0.00078528933,0.00716687,0.0029022582,0.007265739,0.0026540281,-0.0014693914,-0.007166504,-0.0026338305,-0.0054057296,0.005858192,-0.0026526619,0.0018210039,-0.004620773,-0.006676494,0.0055997577,-0.0014772248,0.0016436987,-0.0065604486,0.0025551226,0.0017510056,-0.0053511616,0.0054299375,-0.0011940114,0.007701653,0.006606006,0.007628289,-0.0058652572,0.0030406304,0.0003311755,0.0027694814,-0.0061944462,0.0046232995,-0.00058534555,-0.0075062746,-0.0055593727,0.0069749104,-0.00010929722,0.0071699303,-0.0017786883,-0.002509538,0.0064921035,-0.0034624953,-0.0061777867,-0.0026500942,0.00499491,-0.003966676,-0.0022817878,0.0024386365,-0.002470253,0.004535609,0.00770705,0.0035405755,-0.0033738166,-0.0045326557,0.0008811755,0.0042740023,-0.002443959,-0.0063110907,-0.00018719118,-0.0070072208,-0.0047989525,-0.0037576342,0.007750338,-0.0030044094,-0.0038479753,-0.0077559855,0.003920689,0.0036059134,0.00047491957,-0.0033290759,0.0058565447,-0.005081133,0.00300543,-0.0020972788,-0.0025853654,0.005068168,-0.006375542,-0.006279351,-0.00071870163,0.002028483,-0.005515323,0.0072606355,0.004571099,0.0029662782,-0.0014863806,0.0045194533,-0.000346303,-0.0058940575,-0.001970023,0.0030219322,-0.0060147997,0.007166109,0.0055708606,0.004733368,-0.0018928731,-0.0019874284,-0.0033622459,0.002696165,-0.0002884185,0.002515589,-0.00017531402,0.0034665307,-0.0066000884,-0.001251474,-0.006202897,0.0074182153,0.0030020932,0.0050957017,0.0054065427,0.0013988214
graph_22,-0.0019145897,-0.002612466,0.00019485503,0.0077248327,-0.0042191716,0.001493223,-0.005893903,-0.001909703,0.00021081883,0.00445948,-0.007131717,0.00057291985,0.007425865,0.003525273,-0.0053770747,-0.0043466585,0.0020118551,0.0058817193,-0.0048234984,-0.0058441134,0.003038128,0.0028926749,-0.0071333945,0.0010718573,-0.0025742128,-4.163105e-05,-0.0048930384,0.00056502316,0.0072616218,-0.0045938436,0.005453055,0.001359852,0.006972369,0.0046526566,4.2232685e-05,-0.0068281665,-0.0042366777,0.0027984548,0.007472841,0.0032183519,-0.004619872,-0.005898767,-0.004833036,0.0045071663,-0.0005067326,0.0022763908,-0.004746517,0.00535582,0.003934904,0.0027218368,-0.005063559,0.005029031,0.0054543754,-0.005376703,-0.0025742091,0.0011959951,-0.0042253565,0.0024515558,0.0017548995,0.0070694154,-0.004299824,0.0073954193,0.0071642343,0.0060983803,0.005368066,0.0011803117,0.00036828872,-0.007191007,-0.0073756194,-0.0072356965,-0.005112732,-0.006057875,-0.00057993457,0.007663938,-0.0072862096,0.0005491497,-0.001109927,-0.0005572438,0.0030270051,0.0019547716,0.0025019245,-0.0006988626,0.004974681,-0.00337857,-0.0015601898,-0.007692254,0.0077737756,0.0022096075,0.00028677005,0.001217776,-0.003575772,0.004143442,-0.006345409,0.000775259,-0.0030404702,-0.0011518588,0.006765414,0.0029763794,0.005547247,0.0014743032,0.0046836194,0.00060733967,-0.0048364317,0.00653846,0.0029163687,-0.0038797688,0.0028463602,-0.0020386064,-0.00588118,-0.0032171458,-0.005046307,-0.0040975856,0.0028038565,0.006226195,-0.00025595166,0.006070528,-0.003966606,-0.0022064624,0.007556688,-0.00028022286,0.0048894593,-0.005395744,0.0011824174,-0.007761581,0.003247979,-0.0070636617,0.00504368,-0.0021316595
graph_23,-0.004676127,-0.004522153,-0.0048701195,-0.00047330465,0.001039871,-0.0048853327,-0.0029845098,0.0033016922,-0.0071069337,-0.005555329,-0.004601175,0.006579185,2.3987144e-05,-0.007139897,-0.0022571525,0.005688183,0.0037943004,-0.0049635964,-0.0035822336,-0.0013432847,0.006691428,-0.0038249958,0.0040729055,-0.0044523915,0.0028919736,-0.0016018655,0.007267029,-0.0055930214,0.007264386,-0.00010552164,0.007484016,0.007175833,0.00061360747,-0.0043824036,-0.0012406502,-0.0073408345,-0.0010301117,0.0067394087,0.00045542978,-0.004554419,0.0047465526,0.0020964686,-0.0048258416,-0.0038194219,0.0008926252,0.005934816,-0.0038662804,0.0037430031,0.0021252409,0.007318062,-0.0021719486,-0.0020658951,-0.007448869,0.0029739272,-0.0032245833,0.0019160099,-0.0033640303,0.007039777,-0.0048106452,-0.00695707,-0.0036540702,0.0018146858,-0.0018278919,-0.0042111306,0.005339468,0.003692463,0.007083405,0.005279472,0.007548133,-0.001248667,0.0028418247,-0.006662352,0.002760956,-0.005435721,-0.0048475303,0.0019467324,-0.0038381908,-0.005836798,0.006538119,0.0014800914,0.00100685,-0.0014602635,-0.0065939035,0.0023095608,-0.0075819846,-0.0022913031,-0.0021765819,-0.00041535776,-0.0018712142,-0.005146241,0.004457215,-0.003745092,0.0047881864,-0.007731179,-0.007585967,0.0069184666,-0.0035103317,-0.002657787,-0.0028575528,-0.0028256755,-0.00304595,-0.0056462185,0.003276337,0.0027020834,-0.0032815663,0.00603291,0.003294155,0.007124751,-0.0059504835,-0.0006338963,0.0019174973,-0.0073790317,-0.0077235987,-0.004856428,-0.0060585914,-0.0053172065,5.2269548e-05,0.006628165,0.006468094,0.006090509,0.0009114621,0.0067249928,-0.0050562685,0.0035887407,0.0021358775,-0.0022189785,0.001302599,-0.0016151676
graph_24,-0.0019477187,-0.0054825833,0.0027467432,-0.003711515,-0.0034125028,-0.0010349192,0.0049139205,-0.003979354,0.0020530839,0.004613529,-0.0051317737,0.006956311,0.0023638085,-0.0067592068,-0.0013176948,-0.005228252,-0.0046826117,0.002812095,-0.004638072,-0.0008335775,-0.0060261656,-0.0025625825,0.001990973,0.0032365154,-0.0029281871,-0.006018172,-0.0027386695,0.0017113248,0.0012170812,0.0052612294,0.0075963447,0.006588484,0.0055539655,0.002883953,0.00018983055,-0.0035019144,-0.0027782759,-0.0039294986,0.006966633,0.00010003522,0.002708071,-0.0002510948,0.0028996905,-0.0028837528,-0.0047096265,-0.006858576,0.0042984234,0.005860136,-0.006717666,-0.0026767664,0.0035972884,0.0045260834,0.0060331495,-0.0014713565,0.0018721046,-0.0035118926,0.0067362227,-0.0035864664,0.0048848204,-0.006335221,-0.004685303,-0.0049695354,-0.0069176676,-0.0016648183,0.006507977,0.0077203056,-0.0011325302,0.0065072384,0.003946849,-0.0052913623,-0.0069762254,-0.0040482357,-0.0074888477,-0.0029828697,-0.0004950706,-0.00094051845,0.0005412521,0.0015415633,0.0014058445,0.0040155416,-0.006523411,0.00078791287,0.006454603,0.006917252,-0.0063853078,0.0018114503,0.0059753964,0.002373702,-0.0015394706,0.0015853718,-0.0014226446,-0.0058971858,-0.0007478632,-0.0029910775,0.0026991442,-0.006020287,0.005559257,-0.0037977751,-0.00055826735,0.0064976653,-0.00036546774,0.00620085,-0.007715866,0.0044645006,0.00075360574,0.0019180048,-0.006591362,-0.00096533913,0.00046152622,-0.0026221806,0.004725094,0.003121619,-0.0026616761,3.0094758e-05,-0.0042147227,0.00040578935,0.0031789811,-0.0035125725,0.0054041315,0.002368627,0.007242076,-0.001224054,0.0071437117,0.0068493662,0.0034674807,-0.0034078835,-0.0026982324,-0.0045415647
graph_25,0.0034969123,0.00030708406,-0.006002239,0.00097103696,-0.0035197595,-0.004922187,-0.0014676005,-0.0014206283,0.0062777745,0.0010518888,-0.005015365,-0.004105618,0.0044820756,-0.0016435543,0.0073722797,0.0051780026,-0.00013846811,-0.0012503127,-0.00660228,0.002948149,0.00043611042,0.007560515,-0.0010467051,0.0037450977,-0.0022803377,0.005140952,0.005669945,0.004669682,-0.0014411248,-0.0030248314,0.0036069565,-0.005582599,0.00051886775,0.0069418587,0.003419131,0.007622445,0.0017701946,-0.00014294498,0.0024747634,0.0047422983,-0.0017598458,-0.00018659048,0.0042598695,0.0010889741,-0.0057228534,0.0051176036,-0.0031892443,0.0042159706,-0.0075920373,0.0021223668,-0.0026473245,0.0049924916,-0.0044984287,-0.007516385,0.005577649,-0.0076119266,0.005139889,-0.004372388,-0.0046584085,0.0073654754,0.005585404,0.004499021,-0.00450317,-0.0022644987,-0.0019369768,0.0042263158,0.0071711047,-0.0031835902,-0.0020169448,-0.006842247,0.0060850997,0.00031958334,-0.0059190374,-0.005240201,-0.0020933617,0.0023643319,-0.0042143166,0.002855748,-0.0061518336,-0.0025285995,-0.0057177953,-0.0021127956,0.0052155796,-0.005634549,0.002239327,-0.00022975076,-0.003179879,0.006251164,0.006606889,-0.0068090325,0.006490158,0.0027289577,-0.0025487626,0.007472532,0.0060652634,0.002689737,0.00026092492,-0.0039737774,0.0032109935,-0.0045902794,0.0053544687,-0.0033865822,0.003463027,-0.004748485,-0.00033728592,0.0012682918,-0.00016152207,0.0038033035,-0.0035997974,0.0055568544,0.004423011,-0.0051354533,-0.0045993,0.006861805,0.00035792124,-0.0039772196,-0.0036435938,-0.0050018076,0.00045687146,0.0004043188,0.0056306757,-0.00740642,0.0068911035,0.0055875415,-0.0007482106,-0.0025282623,0.0069218846,0.0049271174
graph_3,-0.0053173434,0.0016907336,-0.00082094205,-0.003359121,0.0036739374,-0.00056428206,0.003464661,3.3643984e-05,0.0025838502,0.0006766109,-0.0032556057,0.004230411,0.005137708,-0.003923312,-0.00030972812,-0.0033585506,0.0022081698,-0.0062215594,0.00034779776,-0.0019287982,-0.002259621,-0.0013540017,-0.001515723,1.8815972e-06,-0.007106019,-0.00573297,0.0048515727,0.0075725997,-0.00650146,0.0056309723,-0.0038561039,-0.00092392147,0.0032168566,0.0027701813,0.0062568635,0.005166311,-0.0030645484,0.0074222316,-0.00022115666,0.0025519747,0.005466449,-0.0060249595,-0.0031817304,-0.0014239213,0.003916055,-0.002120673,-0.0053911745,0.0041472786,0.0068956944,-0.0026376368,-0.0022389751,-0.0047752154,0.0016222973,-9.7522505e-05,-1.2411192e-05,-0.007290377,-0.00095806015,-0.0046857195,0.0069167893,-0.0023052196,0.0046687666,0.0037292733,-0.0010032532,-0.002162724,-0.004966377,-0.0068487343,-0.005043255,-0.0042535625,-0.0069360533,0.005663396,-0.004977829,-5.898292e-05,0.001959068,0.0055755195,0.006591213,-0.0010449584,0.0017687847,-0.0010788083,-0.006547521,-0.0006958594,0.0054336665,-0.0014602158,0.007504626,0.007060302,-0.0061745867,-0.007657533,0.0044461363,-0.0012042873,-0.0043978533,0.007070679,-0.006758591,0.00037237626,0.00037318462,-0.006172154,0.0036619615,-0.0015235784,0.007385033,-0.0035323673,0.006688934,0.00042779924,0.0035882595,0.005401797,-0.0033979143,-0.0012677399,-0.0075277532,-0.0073745353,-0.002420575,0.0014777222,0.0047389255,-0.007653887,0.00077574607,-0.0006538631,0.00032085992,-0.001363839,0.0012655645,0.0047081113,0.0017107942,0.0025045355,-0.004569208,0.0059315963,-0.0018885854,0.0043095043,-0.0067990543,0.0024330504,0.0074040755,0.0020096148,0.0072261184,-0.0030584715
graph_4,-0.002639875,4.1424082e-05,-6.468192e-05,-0.007405966,-0.0029327048,-0.0034557742,0.0024410882,0.0074327793,0.0025864923,0.0013412837,-0.006809655,-0.006051141,0.003804866,0.00052370975,-0.005587616,0.0032333315,0.0034494612,-0.0051650777,-0.0064208773,-0.002668339,-0.005817662,0.005845441,-0.0019141494,-0.0014495951,-0.005683096,0.006266113,-0.0001012424,0.007402681,0.0015503546,-0.004224369,-0.0057484866,-0.00085822196,-0.0052256896,-0.0020248112,0.0051488155,-0.0069712363,-0.006679646,-0.0072955396,0.00759135,-0.00504291,-0.00449045,0.0033491547,-0.0058062053,-0.0071727512,-0.0075993203,0.00299455,0.0027995754,-0.0046909316,-0.0025972028,0.0042859185,-0.007682275,-0.0030286922,0.0057918667,-0.0041331304,-0.0035210508,-0.006272962,-0.0051528835,0.0032560686,-0.0077832183,0.007642871,-0.0047528204,0.0068809437,-0.0074165235,0.003934969,-0.0053297156,-0.0018964944,0.0018202716,-0.0026254652,-0.0071661933,0.0006688597,0.0043077,0.0004202874,-0.0008183439,0.0030721505,0.0070703104,0.0042580147,-0.006826299,0.007827438,0.00029864922,-0.0018417506,0.003589202,0.0027166589,-0.00059774093,-0.0073521733,-0.0050457153,-0.0033064967,0.007584825,-0.0048598396,-0.0017222913,-0.0020010408,-0.0021658253,-0.0077752755,0.0060191154,0.0013835486,0.006324304,-0.0074236537,0.0012837251,-2.5401301e-05,-0.0016480067,-0.0003153117,0.007451513,0.005934271,0.006276592,-0.0049956557,-0.007269216,-0.006351075,0.0043426044,-0.0013543117,0.00016527255,-0.0013613976,0.00047306257,0.005434302,-0.00716881,0.0058861882,0.006916987,-0.001913126,-0.0036309639,0.006509874,0.0018084836,0.0069353217,0.0024717792,-0.0065540685,0.0019501112,4.7425954e-05,-0.00018227397,-0.0049231593,-0.0006268292,0.0016154858
graph_5,-0.001390839,-0.0075181653,0.0003397841,-0.006880932,-0.004274161,0.0013529039,0.0015327379,0.004116715,-0.0019916946,-0.004401372,-0.00033216397,-0.0055216053,-0.005097478,-0.0034527401,-0.0013724711,-0.005503483,0.00773025,0.005124104,0.0025036146,0.002569235,-0.0040476685,0.005495881,0.0070770374,-0.0021764438,0.004516903,-0.0010554934,-0.0038492584,-0.007699724,0.0054787137,-0.0018506858,-0.0020424617,0.0070597967,0.006631341,0.004675762,0.0039441898,-0.00070750713,-0.0029770657,0.0048612556,-0.0040617906,-0.0004515606,-0.0035231288,0.0037068876,-0.00024240924,0.00048626264,-0.005622351,-0.0034628455,-8.373858e-05,-0.006949125,0.0049688257,0.0017601703,0.0054248483,0.0076758093,0.0017704755,0.00717598,-0.0013534337,0.0022319052,-0.00080982555,-0.007625676,0.0046374556,-0.0061366283,-0.00056981225,0.0057210843,-0.0074834083,0.0039377236,-0.0019119415,0.006440826,0.0028308867,-0.0018489835,0.0038623738,0.005327726,-0.001204226,-0.00035938236,0.0024299838,-0.0035561295,-0.0039475667,0.0050889063,-0.0077377143,-0.004725986,-0.0019142758,-0.005546996,0.0021038451,-0.00490655,-0.0062744,-0.0072827847,0.0059999097,-0.0013569228,0.0076667503,0.0020150729,0.004403929,0.0030119435,0.001001474,-0.0045797876,0.0005407649,0.004972341,0.0020098737,-0.0029493335,0.0077387947,-0.0010385867,-0.0060840524,-0.00078301894,-0.00034165723,-0.00017513637,-0.0040997253,-0.0015150451,0.00028261697,0.0015035657,-0.001938082,0.0026562652,0.0035811882,-0.0015635754,-0.0067504616,0.0015914276,0.0074131284,-0.0010352652,0.004737055,-0.0062348875,-0.0038689468,-0.007058299,-0.0025111171,6.8015186e-05,-0.0011704564,0.00092742627,0.0017150845,-0.006868572,0.0013454455,0.0067295996,0.0061526285,-0.000114165785
graph_6,-0.0015227357,0.004683614,-0.0037821126,0.002574526,-0.0030786777,-0.007104759,-0.0023168959,-0.00048546065,-0.007203273,0.0003083931,-0.0042907344,0.00427724,-0.0033352983,0.007530383,0.0009064582,-0.001954853,-0.0052457615,-0.005501396,-0.0035911452,-0.0013280868,-0.0071981745,-0.0032881948,-0.001991182,0.0075267544,-0.0010211286,0.0036063825,-0.001284764,-0.0013009626,0.0046220073,0.005241466,0.0008619323,0.0041735857,-0.006062314,0.00417604,-0.0012143337,0.004036671,-0.0025295645,0.0013318611,0.0040612756,-0.00618675,-0.002887061,0.0033633192,0.00020413178,0.0005904279,-0.0018510175,0.0051607196,0.00634027,0.0069647916,-0.0023276268,0.007326435,0.0029768914,0.0047043054,-0.0019350861,-0.003586398,0.003647865,0.0010874284,-0.0077554593,0.004316883,-0.0060496586,-0.0070648347,-0.0076205237,0.0028600497,0.0070563336,-0.0047357567,2.2883221e-05,0.00035252498,0.0011637092,-0.007625675,0.0018887513,0.005200838,-0.0018771217,-0.0040051867,0.0070169666,-0.003002035,0.0006006749,0.0028983396,0.005016281,-0.0045419396,-0.00148993,0.0050293156,0.0012463311,0.0029595732,0.0045493543,0.005941579,0.003924038,-0.0024033473,0.0056444285,-0.0035861256,-0.0008796547,-0.0015318624,-0.00095927133,0.007486701,-0.00015532447,-0.006654716,-0.0009726148,-0.0071347826,-0.0024711771,0.0012322786,-0.0028864143,-0.0063862437,0.0028787814,-0.006372716,-0.0006280612,-0.0048863622,-0.0059369635,0.006474755,0.0018459999,-0.0052087656,0.0038255304,-0.0053780447,-0.000939657,-0.0002825103,-0.007376916,0.0057972637,-0.002890605,-0.001057907,-0.0024432272,-0.0056441464,-0.0008085023,0.0056641665,0.005007831,0.0034817627,-0.0009083227,0.0003134509,-0.0066980706,9.6445845e-05,-0.005366284,0.006188894
graph_7,0.0035576262,0.0040201796,0.002044255,0.0016088211,0.0035628725,0.006859478,0.004188241,0.001610903,-0.0016152898,0.0040738476,0.0056249555,0.0072172475,0.005113499,0.003634515,-0.007795436,0.0026740134,-0.0015339502,0.0030295113,0.0049948283,-0.0018101814,-0.0068324213,-0.0018168569,-0.003973599,-0.0028638318,-0.004355313,0.004008724,0.00055193936,0.00014509681,-0.0037497273,0.0075429054,0.00046240824,-0.00196996,-0.0072262594,0.0022531427,-0.005890231,-0.003635851,-0.007119271,0.0010018355,0.0065325727,0.0046086563,-0.0024742826,-0.0009463472,0.007566843,-0.0053468654,-0.0030725156,0.005810438,0.0015288033,0.0061316104,-0.0010461932,-0.0045118197,0.00078497507,0.006792007,0.0023252303,-0.003646969,-0.0006905797,-0.0075677754,0.0057672947,0.006218624,0.0026324755,-0.0038768942,0.0051169083,0.0012911534,0.0025449584,0.005653616,-0.003414502,0.0046910015,-0.0005092173,0.0078020417,0.00018013622,0.006202784,-0.0015642515,-0.002361203,0.0019767755,-0.0060970294,-0.0014252806,0.00025164968,0.0013514963,0.0046869074,-0.0014412637,-0.00032548554,-0.005680433,-0.004632632,9.104578e-05,-0.001974807,-0.0015558904,0.0047887103,-0.004511865,0.0050573484,-0.0032126186,-0.005457896,-0.0061537884,0.0035575337,-0.00268986,0.0067692935,-0.0045603295,0.0041762614,-0.00044902728,0.004503052,-0.0006412855,-0.0036470338,-0.007430276,0.0041825445,-0.0058983904,-0.0019052164,0.0023768302,0.00746892,-0.002568381,-0.0009855271,0.0038463857,0.0038437613,-0.0024698456,-0.003452097,-0.0030761603,0.0055072396,-0.004038385,-0.0046962686,-0.0045819134,-0.0025185847,0.006337228,-0.0010004739,0.007215505,-0.006104206,0.0019218524,0.006975687,-0.007618634,-0.00093315926,-0.006737128,0.0056308666
graph_8,-0.0040224157,-0.004725278,-0.007730715,0.006722532,0.0027634955,0.00017711273,-0.0077109453,-0.0040267697,-0.0076405513,0.0016149327,0.0021842537,0.0036191898,-0.0033067209,-0.0023961747,-0.0024575926,-0.0068541165,0.0017618764,0.0072615603,-0.0074386885,-0.0027120158,-0.0029620642,0.002002683,-0.004425597,0.002071446,0.0045281462,-0.0063070273,-0.0064716153,-0.0077920444,0.0038641407,-0.007147927,0.004572993,0.005375915,-0.0051422426,-0.0034736448,-0.0009651072,0.0013328734,-0.0011788696,-0.0066206525,-0.002822648,0.0013342145,-0.0016085063,-0.0057013542,0.003224892,-0.0067345914,0.002136664,-0.0035870783,0.0005155259,-0.0015928873,0.0041903756,-0.0062578656,-0.0016361515,-4.2601718e-05,-0.0051687616,-0.0050864555,-0.0015499922,0.0068433215,-0.0009824854,0.0027307686,-0.004527033,0.00687356,0.002223926,0.0072730957,0.0034054082,-0.0032692456,0.0017913677,-0.0034860512,0.0044899867,0.0014384467,-0.001744125,-0.004585666,-0.006278108,-0.00067816715,-0.006983328,-0.0072310893,-0.0061978977,0.0017152642,-0.0050939075,-0.0060847644,0.0016689241,0.0015720685,0.006511579,0.0036731937,-0.007417354,-0.0002569267,0.006176647,0.00205976,0.0021604092,-0.0038222417,0.0050846185,0.0012522077,-0.0059293066,0.0054145055,-0.0076901875,-0.006407806,-0.003774163,0.0077997777,0.002499691,-0.00152107,0.0069179074,0.0018284052,-0.004311,-0.0024585142,-0.0046998044,0.00288558,-0.005347994,-0.0015901177,-0.0009270192,0.005652969,0.0052315267,0.0027065952,-8.805561e-05,-0.003647451,-0.0015447105,-0.004224475,0.0070043043,-0.006708009,-0.0077390145,-0.0005478977,0.002842476,0.006396493,0.006991043,0.004848531,-0.004879705,0.0067432113,-0.007356306,0.0005860985,-0.00522029,-0.0005738017
graph_9,0.008191399,-0.0074452865,-0.0035398072,-0.0014795132,0.0037899376,-0.0042735217,0.005671336,3.5032008e-05,0.00671856,0.00024774167,-0.0056387656,0.00278262,0.0020520128,-0.0071180435,-0.00810972,0.0029648135,0.0042619123,-0.00010960791,0.003266766,0.002442717,0.0044287657,0.0068668574,-0.004863803,0.0048302095,0.00027653528,0.005490835,8.952308e-05,-0.004041134,0.0025628796,0.004475921,-0.0052772593,0.0043909387,0.004550166,0.0069188457,0.0071340855,0.0066204355,-0.00365667,-0.0062606335,-0.0068507907,0.0071643167,0.0062475284,0.0014286169,-0.0006855748,0.004250485,-0.00236424,-0.0015722993,0.0035127066,-0.0015799645,-0.006715939,0.0039062228,-0.0071682506,0.005617758,-0.0015611509,0.0002414623,0.004648064,-0.004651248,-0.0038818233,-0.007070879,0.0033780509,0.00466271,-0.0012240885,4.45991e-05,-0.0028857382,-0.0025935122,0.0014590212,0.00538737,0.00016944745,0.0027018476,-0.00104257,0.0022527322,-0.0068890746,0.0039941026,-0.0064963717,0.002126406,0.003534404,-0.0018869891,-0.0074174176,-0.0010027318,-0.0022831238,-0.005395185,-0.0027307495,-0.00010962559,-0.0031901388,0.002181784,-0.0033318778,-0.003732396,-8.426071e-05,-0.0018318222,0.006461025,0.0033669835,-0.00016229553,0.0014284748,-0.00409229,-0.0061478172,0.0043876907,-0.0031445064,0.0065203398,0.0035821102,-0.0037150052,0.0024606748,0.0031467646,0.0032057373,0.004440498,-0.0018543258,0.0048636193,0.0073491754,0.0061627254,-0.0036986494,0.007116503,-0.0026869806,-0.006874125,0.0056782826,0.006581369,0.0035797565,0.0044684815,0.004651889,0.0054198503,0.0023834354,-0.002992156,-0.006401382,-0.00064743374,-0.0067468723,0.0030747235,0.007434077,0.0026630482,0.0040591,-0.0061954837,-0.0036600076
